title,incident_type,system,severity,summary,context,changes,symptoms,root_cause,attempted_fixes,outcome,lessons,tags,occurred_at,source
Payment cache rollback,incident,Payments API,high,"Cached payment status became stale after a rollout.","Response caching was introduced for read-heavy endpoints.","enabled response cache|changed TTL","stale status|duplicate reconciliation","Cache invalidation was not aligned with payment-state transitions.","disabled cache|replayed affected reads",partial,"Correctness-sensitive state needs explicit invalidation design before caching.","cache|payments|rollback",2026-06-02T09:30:00Z,synthetic
Queue retry storm,incident,Order Worker,critical,"A downstream timeout caused aggressive retries and queue growth.","Retry policy was changed while a provider dependency was unstable.","increased retry count|reduced backoff","queue depth spike|worker saturation","Retry policy amplified a transient dependency failure.","reduced retries|restored exponential backoff",success,"Retry policies can amplify partial outages.","queue|retries|dependency",2026-06-04T14:00:00Z,synthetic
Database migration pause,change,Orders DB,high,"Migration was paused after lock contention increased request latency.","Large table migration overlapped with peak traffic.","online migration|index rebuild","latency spike|lock waits","Migration window overlapped with high-write traffic.","paused migration|rescheduled window",success,"Historical traffic shape matters as much as migration type.","database|migration|latency",2026-06-07T11:15:00Z,synthetic
Authentication deploy rollback,incident,Auth Service,critical,"A token validation change caused intermittent 401 responses.","Validation logic and token issuer config changed together.","validation refactor|issuer configuration change","401 spike|session churn","Two coupled changes made attribution difficult and exposed an issuer mismatch.","rolled back validation change|verified issuer setting",success,"Avoid coupling unrelated authentication changes in one rollout.","auth|deployment|rollback",2026-06-09T16:10:00Z,synthetic
Search index drift,incident,Search Platform,medium,"Search results lagged behind source-of-truth updates.","Incremental indexing was enabled after a bulk reindex.","incremental indexing","missing recent results|delayed freshness","Cursor checkpointing skipped a subset of update events.","replayed index events|reconciled checkpoint",success,"Index freshness requires durable checkpoint reconciliation.","search|index|events",2026-06-12T08:40:00Z,synthetic
Feature flag mismatch,incident,Checkout,high,"A feature flag was enabled for one service but not its dependent service.","Deployment order was changed to shorten release time.","changed deployment order|enabled flag","schema expectation mismatch|fallback errors","Cross-service rollout assumptions were not encoded as a dependency.","disabled flag|redeployed dependents",success,"Feature flags need dependency-aware rollout checks.","flags|checkout|release",2026-06-15T17:05:00Z,synthetic
Webhook duplication,incident,Billing Webhooks,medium,"A consumer processed some webhook events twice.","Acknowledge-after-processing behavior was changed.","moved acknowledgement","duplicate invoice updates","Acknowledgement moved past side-effect boundary without idempotency guarantee.","restored acknowledgement ordering|reconciled duplicates",success,"Side effects need idempotency when acknowledgment is delayed.","webhooks|idempotency",2026-06-18T10:20:00Z,synthetic
Memory leak under report load,incident,Reporting Service,high,"Long-running report jobs caused memory growth.","A new CSV export path retained large in-memory objects.","added export path","memory growth|worker restarts","Large intermediate objects remained referenced across requests.","streamed export|limited batch size",success,"Large exports should be streamed and bounded.","memory|export|workers",2026-06-20T13:00:00Z,synthetic
Cache warmup success,experiment,Product API,low,"A bounded cache warmup reduced cold-start latency without stale reads.","Only immutable product metadata was cached.","preloaded immutable metadata","cold-start latency","The dataset was immutable during the request lifetime.","kept immutable-only cache",success,"Cache safety depends on data mutability, not cache technology alone.","cache|immutable-data|success",2026-06-22T07:15:00Z,synthetic
Dependency timeout partial,incident,Notification Service,medium,"A notification provider slowdown caused delayed delivery but no data loss.","Timeout and queue limits were unchanged from baseline.","external provider slowdown","delivery delay|queue growth","Provider latency exceeded consumer timeout but buffering protected data.","increased observation window|kept queue buffer",partial,"Buffering changes failure mode from loss to delay; measure both.","notifications|latency|queue",2026-06-24T15:30:00Z,synthetic
Tracing overload,near-miss,API Gateway,medium,"A verbose tracing configuration increased request overhead in staging.","Tracing cardinality increased with a new dynamic attribute.","added high-cardinality attribute","CPU increase|trace volume spike","Telemetry dimensions multiplied event volume beyond the expected rate.","removed attribute|added cardinality limit",success,"Observability changes need volume estimates and guardrails.","tracing|telemetry|cardinality",2026-06-26T12:05:00Z,synthetic
Payment retry correction,decision,Payments API,high,"Retry logic was changed to avoid duplicate charge attempts.","Past incidents showed retries were amplified by provider timeouts.","added idempotency key|bounded retry policy","repeat charge risk|provider timeout","Historical incidents linked aggressive retries with duplicate side effects.","kept bounded retries|required idempotency",success,"Use historical failure chains to constrain future retry design.","payments|retries|idempotency",2026-06-28T09:00:00Z,synthetic